Stock,Date,40 Percent Rule,Net Income Growth,ROE,ROA,Positive Cash Flow,Cash Flow Margin,PER,Capital ratio,profit loss
6857.T,2023-03-31,0.8373854772847471,"[130400000000.0, 87301000000.0, 69787000000.0, 53532000000.0]",0.3536808301735314,0.217252225835688,46636000000.0,0.08325017717171465,17.392925252003845,0.614260676014288,51.36026380873866
8267.T,2023-02-28,2.333353944595406,"[21381000000.0, 6504000000.0, -71024000000.0, 26838000000.0]",0.02151555830161832,0.001732444204819778,433710000000.0,0.0475724983991132,106.0931899641577,0.15964220947447086,10.36036036036036
5201.T,2022-12-31,-0.8260328549609585,"[-3152000000.0, 123840000000.0, 32715000000.0, 44434000000.0]",-0.002267211603059585,-0.0011201021737871216,-6775000000.0,-0.0033278090883816975,-343.1786216596343,0.563458656609438,4.713114754098361
2802.T,2023-03-31,0.42467907024254575,"[94065000000.0, 75725000000.0, 59416000000.0, 18837000000.0]",0.12237275523107265,0.06222324826986758,44594000000.0,0.03281105719530724,27.56719895436722,0.5443867770388177,20.243248814677386
6770.T,2023-03-31,-0.33818935334084155,"[11470000000.0, 22960000000.0, -3837000000.0, -4009000000.0]",0.02880353577841116,0.015563156973501928,-36943000000.0,-0.03959108962034649,22.05486820871436,0.5424472555519222,-2.804878048780488
6113.T,2023-03-31,0.3996837509157394,"[34158000000.0, 27769000000.0, 18564000000.0, 23390000000.0]",0.067756735901866,0.052748617120831676,0.0,0.0,12.977099236641221,0.7852838801535605,17.058823529411764
9202.T,2023-03-31,-0.9495050658754689,"[89477000000.0, -143628000000.0, -404624000000.0, 27655000000.0]",0.10375119286564884,0.026576874136400846,332930000000.0,0.1949827933965999,15.995584524810765,0.2585275775501645,12.126191258626354
8304.T,2023-03-31,-0.8412134588422093,"[8719000000.0, 35004000000.0, 28972000000.0, 28142000000.0]",0.019876396579591074,0.0012136574393066882,-67374000000.0,-0.6369256948383437,33.011919110753986,0.060010551122135505,13.671399594320487
2502.T,2022-12-31,0.11032659853828514,"[151555000000.0, 153500000000.0, 92826000000.0, 142207000000.0]",0.07354418377141349,0.0313756121717211,166146000000.0,0.06616441825680137,14.406552992310264,0.4270803487287862,24.274773729403574
3407.T,2023-03-31,-1.456337959500864,"[-91312000000.0, 161880000000.0, 79768000000.0, 103931000000.0]",-0.054976693667733945,-0.026432569909735807,-81354000000.0,-0.029838418329827598,-14.627885412909135,0.49095273852331694,-2.876124169250727
4503.T,2023-03-31,-0.03284453022936043,"[98714000000.0, 124086000000.0, 120589000000.0, 195411000000.0]",0.06546220905942754,0.040184521342811245,239226000000.0,0.15752864938473704,39.251474926253685,0.6138583148993819,5.56599342414279
7832.T,2023-03-31,0.08742184353524408,"[90345000000.0, 92752000000.0, 48894000000.0, 57665000000.0]",0.13859762430371358,0.09752708995874165,61818000000.0,0.0624368112361616,23.70689655172414,0.7039751370420507,1.941448382126348
5108.T,2022-12-31,0.028454290315423403,"[300367000000.0, 394037000000.0, -23301000000.0, 292598000000.0]",0.10127668498883609,0.060535674625711786,13757000000.0,0.0033471449391372895,11.21238057785283,0.607127669737181,14.256240973798226
7751.T,2022-12-31,0.28364614828353996,"[243961000000.0, 214718000000.0, 83318000000.0, 125105000000.0]",0.07836581162537082,0.04787745337580193,74076000000.0,0.01837469433801639,12.099193105487727,0.6572486080937606,12.5
6952.T,2023-03-31,-0.13123955765624634,"[13079000000.0, 15889000000.0, 12014000000.0, 17588000000.0]",0.05902075812274368,0.039015702932964226,293000000.0,0.0011105594111381907,22.90942360475755,0.6610505214423789,2.196485623003195
9022.T,2023-03-31,-4.7279998509227505,"[219417000000.0, -51928000000.0, -201554000000.0, 397881000000.0]",0.05836716540036933,0.023061548016277206,32639000000.0,0.0233088264174793,15.247594019355477,0.40014140657606795,7.3235294117647065
9502.T,2023-03-31,-1.4149068630337271,"[38231000000.0, -43022000000.0, 147202000000.0, 163472000000.0]",0.018551461368550588,0.005922601997613671,295798000000.0,0.074196555982282,32.041139240506325,0.3349601601957645,12.43827160493827
4519.T,2022-12-31,0.4960093861836531,"[374429000000.0, 302995000000.0, 214733000000.0, 157560000000.0]",0.2628702733175745,0.2002553271599854,172873000000.0,0.1372066739368195,15.700228430855738,0.761802864327897,0.02797985450475658
7762.T,2023-03-31,0.057156882270261014,"[21836000000.0, 22140000000.0, -25173000000.0, -16667000000.0]",0.09740474087555424,0.05599232785102902,20000000.0,6.636448703569746e-05,10.232558139534884,0.596883958746814,23.636363636363637
1721.T,2023-03-31,-0.381608344594824,"[19338000000.0, 29208000000.0, 29369000000.0, 25994000000.0]",0.056538404189069476,0.03851170904919613,53099000000.0,0.09426499436352177,17.12522823144242,0.6905043086194295,14.742647058823529
7186.T,2023-03-31,0.049726813305094715,"[56159000000.0, 53881000000.0, 25326000000.0, 46536000000.0]",0.048604121211281964,0.0021826652869820664,953251000000.0,3.5721014764295886,10.993880565520152,0.04513300503638773,18.637231398452496
8253.T,2023-03-31,0.286440868661818,"[43599000000.0, 35375000000.0, 36132000000.0, 22863000000.0]",0.07287134736528937,0.011190406829384731,-145728000000.0,-0.38095138509477516,6.840671160189301,0.15401022303043682,19.444444444444446
7912.T,2023-03-31,-0.096610624223877,"[85692000000.0, 97182000000.0, 25088000000.0, 69497000000.0]",0.07879709646510995,0.04681640573781239,-24132000000.0,-0.017573435653276376,12.340107684167938,0.6273235561499664,2.44640605296343
8750.T,2023-03-31,-0.4585031915365038,"[192301000000.0, 409353000000.0, 363777000000.0, 32433000000.0]",0.06693128110957078,0.0031228405742800875,-294149000000.0,-0.03492729718558528,13.287193575655113,0.04665743146448022,9.204771371769384
4568.T,2023-03-31,0.8539033598345606,"[109188000000.0, 66972000000.0, 75958000000.0, 129074000000.0]",0.07551799835944709,0.04352045865719847,47148000000.0,0.03687822551502646,80.75842696629213,0.5762925342651668,-4.6521739130434785
6367.T,2023-03-31,0.4645564797825885,"[257754000000.0, 217709000000.0, 156249000000.0, 170731000000.0]",0.11516406883197075,0.059891506853898595,-16180000000.0,-0.00406371544146567,29.020315924550584,0.52956816976719,-0.7239287810604579
1925.T,2023-03-31,0.47457300640280875,"[308399000000.0, 225272000000.0, 195076000000.0, 233603000000.0]",0.13501341820585672,0.050210946901100235,-256218000000.0,-0.05220203989284053,7.35206343792633,0.3889425172340191,12.931284430269644
8601.T,2023-03-31,-0.2918555010764819,"[63875000000.0, 94891000000.0, 108396000000.0, 60346000000.0]",0.04508930682823286,0.0024182940318434143,-264993000000.0,-0.4369382515742559,14.357914082242132,0.06343362240039543,23.312001953125
2432.T,2023-03-31,-0.6789942643033158,"[8857000000.0, 30532000000.0, 25630000000.0, -49166000000.0]",0.03996372266791803,0.025382441781155608,3227000000.0,0.023918940954978728,25.814014066163065,0.6705784915544704,-23.20887991927346
4061.T,2023-03-31,-0.4501394660203092,"[12768000000.0, 26012000000.0, 22785000000.0, 22703000000.0]",0.04306544477011862,0.021562067783386332,-30894000000.0,-0.07580252184346316,17.747163695299836,0.5072185979589665,-1.5791476407914764
6902.T,2023-03-31,0.35284179722345044,"[314633000000.0, 263901000000.0, 125055000000.0, 68099000000.0]",0.07188443584175934,0.04246826215043958,188406000000.0,0.02943236707429093,19.884137400543256,0.6181562878695236,18.508220502901356
4324.T,2022-12-31,-0.30203910906275855,"[59847000000.0, 108389000000.0, -159596000000.0, -80893000000.0]",0.06798732657250584,0.01599576845946747,62370000000.0,0.05014137181712428,18.739085657994895,0.25533760247092885,17.084826762246117
4631.T,2022-12-31,3.2668015784277515,"[17610000000.0, 4365000000.0, 13233000000.0, 23500000000.0]",0.04550422871495128,0.013958056081107324,-37462000000.0,-0.035535917723470194,12.958882020962106,0.3337631981306826,4.769805060141021
5714.T,2023-03-31,-0.5713111901094103,"[25041000000.0, 51012000000.0, 21824000000.0, 17395000000.0]",0.07260554783975227,0.03821408187619987,17649000000.0,0.02262518267825552,10.290902177013024,0.5502989552589572,8.175519630484988
9020.T,2023-03-31,-1.8295670774397268,"[99232000000.0, -94948000000.0, -577900000000.0, 198428000000.0]",0.04012209031756178,0.010610893038943213,26172000000.0,0.010879894643111022,30.754043587212394,0.2670808356677077,0.7283950617283951
6361.T,2022-12-31,0.28629579619722834,"[50488000000.0, 43616000000.0, 24473000000.0, 23358000000.0]",0.1402576910041504,0.060972237150216956,12723000000.0,0.018686386534874498,10.171159840323726,0.44650014673044713,9.85663082437276
4523.T,2023-03-31,0.14030557270614105,"[55432000000.0, 47954000000.0, 42119000000.0, 121767000000.0]",0.06929355129450385,0.04387699370720703,-36331000000.0,-0.048805618469590355,41.229113858569136,0.6511030197490798,19.27227101631117
5020.T,2023-03-31,-0.357416812466371,"[143766000000.0, 537117000000.0, 113998000000.0, -187946000000.0]",0.050270785137029025,0.014442287857863922,-428975000000.0,-0.02856680700512248,10.526090019476728,0.33025992119959213,12.158297450381545
6954.T,2023-03-31,0.2609000992132878,"[170587000000.0, 155273000000.0, 94012000000.0, 73371000000.0]",0.105602039401353,0.09105082581813213,52439000000.0,0.06155130077140134,25.53906468776253,0.8687076202432192,-8.092105263157896
9983.T,2023-08-31,0.2860260580203105,"[296230000000.0, 273335000000.0, 169848000000.0, 90358000000.0]",0.1626381831608017,0.08966629475974469,366059000000.0,0.13231572673181866,,0.567050096044004,-1.9613337069207062
6504.T,2023-03-31,0.1548303828889368,"[61348000000.0, 58660000000.0, 41926000000.0, 28793000000.0]",0.11864062611803339,0.05192154048234864,55083000000.0,0.05456750081975577,13.434225844004656,0.48416574133004725,16.741767764298093
4901.T,2023-03-31,0.17097524975707948,"[219422000000.0, 211180000000.0, 181205000000.0, 124987000000.0]",0.07941023724777382,0.05307341416743926,-113020000000.0,-0.03953073775437288,14.089654794320278,0.6743227589796704,10.090791180285343
5803.T,2023-03-31,0.24881162442445007,"[40891000000.0, 39101000000.0, -5369000000.0, -38510000000.0]",0.15114809119673536,0.062259339053114794,42712000000.0,0.052962788904003084,6.204896472651244,0.4482182144841919,24.619565217391305
6702.T,2023-03-31,0.21323389398291628,"[215182000000.0, 182691000000.0, 202700000000.0, 160042000000.0]",0.13560452094893294,0.06589398082239015,52231000000.0,0.014064156421229441,16.23285754268122,0.5318575970754345,0.5839822024471636
8354.T,2023-03-31,-0.3552580258382601,"[31152000000.0, 54118000000.0, 44647000000.0, 110607000000.0]",0.03459745694475757,0.0010410274839677022,-130063000000.0,-0.49764498368132476,15.41017276791108,0.030134390526061743,30.693845550764404
5801.T,2023-03-31,0.9205721644524751,"[17911000000.0, 10093000000.0, 10001000000.0, 17639000000.0]",0.05900588378697133,0.01915948983619604,-2740000000.0,-0.0025695706566284606,9.620750638632344,0.3540595847190473,-1.5522875816993464
6674.T,2023-03-31,0.8425178658185744,"[13925000000.0, 8468000000.0, 11455000000.0, 13674000000.0]",0.06036605455270596,0.02574384458667495,-3221000000.0,-0.006221329444600037,14.095084050603662,0.5008060550261968,12.64344262295082
1808.T,2023-03-31,0.21798730327414403,"[59326000000.0, 54490000000.0, 48258000000.0, 59851000000.0]",0.13064983571321606,0.04951652818409071,-87356000000.0,-0.0850365432464109,7.732531235539103,0.3790051790118562,6.732495511669659
7205.T,2023-03-31,0.42129057684202176,"[-117664000000.0, -84732000000.0, -7489000000.0, 31467000000.0]",-0.3198138695456003,-0.08640741407101969,-108055000000.0,-0.07168607397421677,-2.644160405893258,0.3182763166107943,8.45018224962523
6305.T,2023-03-31,0.17378307183047426,"[70175000000.0, 75826000000.0, 10340000000.0, 41171000000.0]",0.10632704638844107,0.043131450894681816,-85275000000.0,-0.0666487946552786,9.833333333333334,0.43087812376498386,34.88443759630201
7004.T,2023-03-31,1.087221742314061,"[15577000000.0, 7899000000.0, 4258000000.0, 2197000000.0]",0.11156790981170185,0.03247359709140639,19367000000.0,0.03930853352601625,8.947311478957047,0.2945909998707477,6.045949214026603
6501.T,2023-03-31,0.17258880769249765,"[649124000000.0, 583470000000.0, 501613000000.0, 87596000000.0]",0.13132574824180523,0.051924046351876675,416460000000.0,0.03827352807377896,11.464465707399022,0.4267970807142296,17.507645259938837
7267.T,2023-03-31,0.145139018915761,"[695267000000.0, 707067000000.0, 657425000000.0, 455746000000.0]",0.06192204719212982,0.028182614988439228,1496534000000.0,0.0885118488738136,9.741680095459403,0.468022320328518,24.83292910798416
5019.T,2023-03-31,0.32168519988148436,"[253646000000.0, 279498000000.0, 34920000000.0, -22935000000.0]",0.1571025533825738,0.052132931308410256,-123322000000.0,-0.013041279124425343,0.6538781536730843,0.3348781284876587,10.39426523297491
7013.T,2023-03-31,-0.17224386342392733,"[44545000000.0, 66065000000.0, 13093000000.0, 12812000000.0]",0.10329395123421721,0.022938118317332352,-8461000000.0,-0.006253788046772214,11.257131214343927,0.23494307824449887,4.796380090497738
3099.T,2023-03-31,1.789272570755739,"[32377000000.0, 12338000000.0, -41078000000.0, -11187000000.0]",0.059189586932477764,0.02659721286642329,48012000000.0,0.09850494555884508,17.47229427021929,0.4538843086548351,20.040485829959515
7202.T,2023-03-31,0.4734171927867591,"[151743000000.0, 126193000000.0, 42708000000.0, 81232000000.0]",0.11596669481583945,0.04980443268411177,227085000000.0,0.07106317341967876,8.424010217113665,0.49568117390934746,10.127349909035779
8001.T,2023-03-31,0.11032733441636186,"[800519000000.0, 820269000000.0, 401433000000.0, 501322000000.0]",0.16609963126964541,0.06105401516147622,743977000000.0,0.05334838511812264,8.648599157663432,0.4167001229135734,21.765826804996824
3086.T,2023-02-28,2.3798960532595124,"[14237000000.0, 4321000000.0, -26193000000.0, 21251000000.0]",0.039614897672412594,0.012700800122752693,56839000000.0,0.15802701853597234,24.96318114874816,0.3313341415741784,0.33185840707964603
8697.T,2023-03-31,-0.08074462412707781,"[46342000000.0, 49955000000.0, 51389000000.0, 47609000000.0]",0.14818344023994834,0.0005638577751682399,55577000000.0,0.41322725751886685,25.036919232079974,0.003915551913364035,19.509981851179674
6178.T,2023-03-31,-0.15196607357002956,"[431066000000.0, 501685000000.0, 418238000000.0, 483733000000.0]",0.04277469403907321,0.0014557552589119047,-8474439000000.0,-0.7608187508315694,9.253434861777851,0.050988396479061115,-7.0661896243291595
2914.T,2022-12-31,0.45114776765664283,"[442716000000.0, 338490000000.0, 310254000000.0, 348190000000.0]",0.12504565116998334,0.06761006817573034,384391000000.0,0.14462577017659506,10.693525756664663,0.5523393276622545,13.027179006560448
5411.T,2023-03-31,-0.22844127274163145,"[162622000000.0, 288059000000.0, -21867000000.0, -197744000000.0]",0.07669684132881704,0.029438961339888922,106600000000.0,0.02023233400280975,6.409434231152914,0.39706356217550925,24.402445803224012
1963.T,2023-03-31,-1.4459236237863333,"[30665000000.0, -35551000000.0, 5141000000.0, 4117000000.0]",0.07717513583981597,0.0430007558261011,98631000000.0,0.16251874310006756,13.321884200196271,0.5580773130171764,21.669736034376918
6473.T,2023-03-31,0.8320281982513682,"[34276000000.0, 20683000000.0, 800000000.0, -3794000000.0]",0.051370283888410966,0.023780401080927323,22496000000.0,0.013405269863289606,11.556934160496297,0.48616406090102715,13.030303030303031
1812.T,2023-03-31,0.2262363554747431,"[111789000000.0, 103867000000.0, 98522000000.0, 103242000000.0]",0.1062198911091474,0.040361148680118336,-106066000000.0,-0.04434979749771908,8.053338012106325,0.38312348044096906,29.030501089324616
4452.T,2022-12-31,-0.12199594515866773,"[86038000000.0, 109636000000.0, 126142000000.0, 148213000000.0]",0.08851090620856099,0.04983809772062444,53704000000.0,0.03462408586649508,27.689873417721518,0.5765829640571147,2.0689655172413794
7012.T,2023-03-31,1.5821436141746472,"[53029000000.0, 21801000000.0, -19332000000.0, 18662000000.0]",0.09203212073564607,0.021576457903142134,-46327000000.0,-0.02684675381271192,8.694690964216909,0.24285507939252765,28.98656011623683
9107.T,2023-03-31,0.3269048222829127,"[694904000000.0, 642424000000.0, 108695000000.0, 5269000000.0]",0.458562343729069,0.3385455438328455,387541000000.0,0.4111378455049087,1.2971505472536191,0.7535150266781512,49.92503748125937
9433.T,2023-03-31,0.04872908996613798,"[677469000000.0, 672486000000.0, 651496000000.0, 639767000000.0]",0.132255936611075,0.05684588806696089,444744000000.0,0.07841372751536471,14.230459307010475,0.4753271263453688,-5.390713476783692
9008.T,2023-03-31,1.5056791124344358,"[13114000000.0, 5585000000.0, -27519000000.0, 17875000000.0]",0.037299338999055714,0.013728587684889446,-31050000000.0,-0.08944698429708497,48.696461824953445,0.36804004886765845,-5.525812619502868
9009.T,2023-03-31,-6.889538253937907,"[26929000000.0, -4438000000.0, -30289000000.0, 30110000000.0]",0.06819022055658251,0.027889139402199524,47238000000.0,0.18720129350315845,32.154340836012864,0.425594957605484,12.134615384615383
2801.T,2023-03-31,0.3225497291350203,"[43733000000.0, 38903000000.0, 31159000000.0, 26595000000.0]",0.10653255804322884,0.07721426238336114,32653000000.0,0.05275982026146431,34.330253535928534,0.7361935785728789,0.6887755102040817
2503.T,2022-12-31,0.9487869557538132,"[111007000000.0, 59790000000.0, 71935000000.0, 59642000000.0]",0.1132699061857795,0.04366464051909657,37083000000.0,0.018639656430764404,15.183594906721941,0.49294781853805053,4.948805460750854
5406.T,2023-03-31,0.3949945984264984,"[72566000000.0, 60083000000.0, 23234000000.0, -68008000000.0]",0.07939778216651805,0.0252425340490359,20728000000.0,0.008383390468301822,6.213275299238302,0.3400819757954689,58.62521891418564
6301.T,2023-03-31,0.7156063091916576,"[326398000000.0, 224927000000.0, 106237000000.0, 153844000000.0]",0.12852131462675237,0.06694180518789863,22941000000.0,0.0064741531970734945,9.495394241353338,0.5492286776020658,25.10677242220866
9766.T,2023-03-31,-0.3138909141578756,"[34895000000.0, 54806000000.0, 32261000000.0, 19892000000.0]",0.09274073522845662,0.06376742205645596,-7681000000.0,-0.024436801868153894,27.162783509137977,0.6876154693790283,17.041251778093883
4902.T,2023-03-31,3.1889934787668923,"[-103153000000.0, -26123000000.0, -15211000000.0, -3073000000.0]",-0.21162888983718486,-0.07296270911183306,-27460000000.0,-0.024292350386634076,-2.508497295227153,0.35357556389727657,-10.362593090261212
6326.T,2022-12-31,0.10864794593931225,"[156182000000.0, 175637000000.0, 128524000000.0, 149061000000.0]",0.08292903865034161,0.03301056607809357,-177331000000.0,-0.06619861638093873,15.173520868368751,0.4390636515796066,3.022670025188917
3405.T,2022-12-31,0.6592351545345063,"[54307000000.0, 37262000000.0, 2570000000.0, -1956000000.0]",0.08392495634301256,0.044458070310012095,-20930000000.0,-0.02767142267866775,7.2674238192763605,0.5472901673552822,7.856532877882152
6971.T,2023-03-31,-0.03626893654362333,"[127988000000.0, 148414000000.0, 90214000000.0, 107721000000.0]",0.042327195424794885,0.03126288493593439,-7431000000.0,-0.0036690280902094076,5.098850252383623,0.744721206626008,1.622439158531555
4151.T,2022-12-31,0.15436605420209068,"[53573000000.0, 52347000000.0, 47027000000.0, 67084000000.0]",0.07022964607918451,0.05699976911970771,20006000000.0,0.05021951899109122,30.246789727126803,0.8116197688856355,-12.50414593698176
2413.T,2023-03-31,-0.12322339888173015,"[49028000000.0, 63845000000.0, 37822000000.0, 21635000000.0]",0.16200641046822853,0.1223726740630733,49536000000.0,0.21461064561689297,42.17668235945722,0.772549264311298,-0.16414970453053185
8002.T,2023-03-31,0.3598372226968809,"[543001000000.0, 424320000000.0, 225343000000.0, -197450000000.0]",0.18868962420949445,0.06827106303004274,502074000000.0,0.05462983838044444,6.075416785296257,0.3749209792189805,27.831293933871386
1333.T,2023-03-31,0.27788649355516315,"[18596000000.0, 16898000000.0, 5778000000.0, 12537000000.0]",0.10428969609278171,0.0291826931376103,-29767000000.0,-0.029170292496687754,7.113396392432908,0.3335090948751387,-4.464630846540394
8252.T,2023-03-31,0.24771377107464848,"[21473000000.0, 17791000000.0, 2327000000.0, 25396000000.0]",0.08723790642025164,0.0223223660273403,16717000000.0,0.07673487748675718,22.145012343421413,0.2563126981651853,2.291494632535095
8628.T,2023-03-31,-0.4293861050520333,"[7823000000.0, 11439000000.0, 10283000000.0, 6136000000.0]",0.10245697671372817,0.008015155333976759,-18993000000.0,-0.6672873555141763,25.410913872452333,0.07822947339517594,0.646830530401035
7261.T,2023-03-31,0.9774802213219713,"[142814000000.0, 81557000000.0, -31651000000.0, 12131000000.0]",0.09917136145181529,0.043818042857085876,38296000000.0,0.010007442342749152,5.416611530148648,0.4469741667640817,15.716612377850161
2269.T,2023-03-31,-0.1581247112307369,"[69424000000.0, 87497000000.0, 65655000000.0, 67313000000.0]",0.09751725978522717,0.06110100447361728,12843000000.0,0.012091432810780327,13.278628885565302,0.6612372460542308,14.398782343987824
6479.T,2023-03-31,0.2666429547008474,"[77010000000.0, 68935000000.0, 38759000000.0, 45975000000.0]",0.12168644999810384,0.0590582430383591,-92624000000.0,-0.0716791401970124,13.25018654727641,0.4933476077232016,2.49396621078037
4188.T,2023-03-31,-0.29240162766629774,"[96066000000.0, 177162000000.0, -7557000000.0, 54077000000.0]",0.06140890303164349,0.016637965688027664,74194000000.0,0.01600895192869528,11.783335980568763,0.3443315552755216,9.54534022039655
8058.T,2023-03-31,0.508843094736233,"[1180694000000.0, 937529000000.0, 172550000000.0, 535353000000.0]",0.14628805946608242,0.05329753483090823,1475184000000.0,0.06838428733431105,6.60702607060181,0.4118839706725292,34.44921622847946
6503.T,2023-03-31,0.16894276854900128,"[213908000000.0, 203482000000.0, 193132000000.0, 221834000000.0]",0.06604082028337523,0.03831746922849703,-8845000000.0,-0.0017676940276523704,17.04837117472853,0.6024563463196453,8.106543138390272
8802.T,2023-03-31,0.08655254579804282,"[165343000000.0, 155171000000.0, 135655000000.0, 148451000000.0]",0.07662746999074499,0.0240605335392717,-16608000000.0,-0.012053762917986075,12.892305241357336,0.3463259894303793,9.823911028730306
7011.T,2023-03-31,0.23766067628687165,"[130451000000.0, 113541000000.0, 40639000000.0, 87123000000.0]",0.07492989556420716,0.0238274848524479,-51017000000.0,-0.012138820885234285,13.495353088072497,0.3349857492823498,49.23693246852346
9301.T,2023-03-31,0.6902728263922886,"[27226000000.0, 17892000000.0, 39160000000.0, 11851000000.0]",0.07761228067674852,0.047457768930552965,40488000000.0,0.13469465153647314,10.0,0.617808603616245,11.725146198830409
5711.T,2023-03-31,-0.6509393863535663,"[20330000000.0, 45015000000.0, 24407000000.0, -72850000000.0]",0.03426469943807915,0.010746407512441887,-31548000000.0,-0.01940301353130787,14.29948586118252,0.3324207961222014,5.775280898876405
7211.T,2023-03-31,1.4846114838304703,"[168730000000.0, 74037000000.0, -312317000000.0, -25779000000.0]",0.21060501667565354,0.07664236229084943,93934000000.0,0.03821343039313042,4.1012524254718645,0.37718235186171034,23.483873592909944
8306.T,2023-03-31,0.27517756993111253,"[1116496000000.0, 1130840000000.0, 777018000000.0, 528151000000.0]",0.06479468079321508,0.002886498215197949,13030148000000.0,2.1511720204872455,9.573412698412698,0.04724116004944857,29.13068508923431
8031.T,2023-03-31,0.45282008884948644,"[1130630000000.0, 914722000000.0, 335458000000.0, 391513000000.0]",0.17755565152526404,0.07350862588418011,819472000000.0,0.05728009040987384,5.847718267712172,0.4268372572868872,34.7547974413646
4183.T,2023-03-31,-0.08049315431717669,"[82936000000.0, 109990000000.0, 57873000000.0, 37944000000.0]",0.1054056355463145,0.04010051237716994,-36620000000.0,-0.019483418078930722,8.001484333325601,0.42708718631585,14.927536231884059
7003.T,2023-03-31,-2.259928620384968,"[15554000000.0, -21825000000.0, 134000000.0, -86210000000.0]",0.14599896747547755,0.035353294284240125,-22436000000.0,-0.08553532010934004,3.042767791739449,0.25157571500980774,0.1851851851851852
8801.T,2023-03-31,0.19314886767051423,"[196998000000.0, 176986000000.0, 129576000000.0, 183972000000.0]",0.06788315433133381,0.022281322994694503,-65036000000.0,-0.028661545994165975,12.909431965754413,0.3428438224008969,13.599105812220566
5706.T,2023-03-31,-0.8072056072357766,"[8511000000.0, 52088000000.0, 44771000000.0, 1566000000.0]",0.0335913233268474,0.013469031198270595,11859000000.0,0.01818962674376692,20.53829116048057,0.4136833076433706,15.65359477124183
9104.T,2023-03-31,0.3930480988584899,"[796060000000.0, 708819000000.0, 90052000000.0, 32623000000.0]",0.4133454835284374,0.22334591289548675,549925000000.0,0.341147927026571,1.4473421534999364,0.5436264658425749,26.238244514106583
8411.T,2023-03-31,0.05116224635074624,"[555527000000.0, 530479000000.0, 471020000000.0, 448568000000.0]",0.06082437271276437,0.0021848931261423256,8684070000000.0,3.192972135255327,9.16742700729927,0.03621697507238341,16.446877332669818
8725.T,2023-03-31,-0.3759981402566659,"[161530000000.0, 262799000000.0, 144398000000.0, 143030000000.0]",0.05365379236948938,0.006461088093954213,112521000000.0,0.02226715720469316,15.090060040026684,0.12224880265073809,14.986737400530503
6701.T,2023-03-31,-0.09036040903892746,"[114500000000.0, 141277000000.0, 149606000000.0, 99967000000.0]",0.07051287183223233,0.028739599151617074,74413000000.0,0.022460789527856476,14.581517514310617,0.4800953803290621,16.26817447495961
3659.T,2022-12-31,0.16211762243514966,"[100339000000.0, 114888000000.0, 56220000000.0, 115664000000.0]",0.1169189215013406,0.09621623072947282,124242000000.0,0.3512498798464296,26.45110685027018,0.8318999203144463,-1.9769357495881383
5333.T,2023-03-31,-0.1274396070859248,"[55048000000.0, 70851000000.0, 38496000000.0, 27135000000.0]",0.08650870854542225,0.05348786592665143,54796000000.0,0.09798297689721765,9.61852707499859,0.6242372479517435,4.9502050380785
2282.T,2023-03-31,-0.5810280783026919,"[16637000000.0, 48049000000.0, 32616000000.0, 19214000000.0]",0.03375240661130869,0.017752666314537084,-70930000000.0,-0.05630294524810445,23.608717064762374,0.536497164289792,14.576271186440678
2871.T,2023-03-31,0.02115529944270586,"[21568000000.0, 23382000000.0, 21212000000.0, 19609000000.0]",0.0960960960960961,0.047160384227685294,12774000000.0,0.019290128117619345,18.18834509991624,0.5105951243404696,11.513157894736842
7731.T,2023-03-31,0.21706435525893214,"[44944000000.0, 42679000000.0, -34497000000.0, 7693000000.0]",0.07308371519726294,0.04279292789357373,-33008000000.0,-0.05255172303993759,11.80455922206281,0.5887550499063572,6.819716407832546
5214.T,2022-12-31,0.12105981604830414,"[28167000000.0, 27904000000.0, 15252000000.0, -33669000000.0]",0.05371865362939908,0.03766109957521457,31563000000.0,0.09722641497809842,7.771832474567314,0.7071868561198117,6.502337441563961
5703.T,2023-03-31,-0.50777545725738,"[7203000000.0, 16759000000.0, 3366000000.0, 7476000000.0]",0.035055359532789876,0.013688685502308054,-17713000000.0,-0.034264170506466726,12.069113728187054,0.4195316998637403,9.045584045584047
3863.T,2023-03-31,-26.226729438351526,"[-50406000000.0, 1990000000.0, 3196000000.0, 14212000000.0]",-0.12772265185530543,-0.03024586239050681,65823000000.0,0.05710604739533855,-2.564866599431558,0.24913803552505728,11.706881143878462
5202.T,2023-03-31,-8.895335193794319,"[-33761000000.0, 4134000000.0, -16930000000.0, -18925000000.0]",-0.3479080791426216,-0.03548608505266521,9395000000.0,0.012304835099493006,-1.6307942807713836,0.1312483773690412,15.288611544461778
5401.T,2023-03-31,0.2603072390836963,"[694016000000.0, 637321000000.0, -32432000000.0, -431513000000.0]",0.16598667114708734,0.07254194819140054,191256000000.0,0.02398018151895046,3.7934877796353796,0.48566613557568494,17.978314095837707
1332.T,2023-03-31,0.33651369415358,"[21233000000.0, 17275000000.0, 14452000000.0, 14768000000.0]",0.09791967386241532,0.03867485833668784,-19375000000.0,-0.02522192035470807,9.117560832600411,0.4018720868176163,23.90675437412078
9432.T,2023-03-31,0.10771656609799513,"[1213116000000.0, 1181083000000.0, 916181000000.0, 855306000000.0]",0.14169676218233263,0.047932480222037735,409134000000.0,0.031145550986838348,11.804937449655071,0.3694607471512634,-0.4381701488623325
9101.T,2023-03-31,0.150394646399366,"[1012523000000.0, 1009105000000.0, 139228000000.0, 31129000000.0]",0.4084994190362457,0.2680903951152259,626493000000.0,0.23947904984048568,1.5619122139127557,0.668553803659556,23.281952472703917
4021.T,2023-03-31,0.15621268812308697,"[41087000000.0, 38776000000.0, 33470000000.0, 30779000000.0]",0.18811178565869113,0.13754582126776357,15053000000.0,0.06600311314756759,20.833333333333332,0.7415931573573473,1.202635914332784
7201.T,2023-03-31,0.287370630892113,"[221900000000.0, 215533000000.0, -448697000000.0, -671216000000.0]",0.04321389886740246,0.012608971143753011,87549000000.0,0.008261915625579486,9.396506087877183,0.31906777029352534,17.183098591549296
2002.T,2023-03-31,-1.4179080287316286,"[-10381000000.0, 17509000000.0, 19011000000.0, 22407000000.0]",-0.024490652926799347,-0.014541781883077406,4765000000.0,0.005966086585257443,-49.81380693211115,0.6142526552304749,5.405405405405405
3105.T,2022-12-31,-0.19388830268006133,"[19740000000.0, 24816000000.0, 13540000000.0, -6604000000.0]",0.07482431069904252,0.032031258873908154,-2814000000.0,-0.0054525901740992274,8.12820089211961,0.45190362063565986,6.300813008130081
6988.T,2023-03-31,0.21253311174011236,"[109173000000.0, 97132000000.0, 70235000000.0, 47156000000.0]",0.12100606177490632,0.09463293364434701,115781000000.0,0.12462487998312229,12.696779782611639,0.7829032624364298,6.162046908315565
8604.T,2023-03-31,-0.3451621919544537,"[92786000000.0, 142996000000.0, 153116000000.0, 216998000000.0]",0.029469279199076912,0.001942275487116856,-1145915000000.0,-0.9959792827895746,15.848995661163825,0.06749048319341187,10.836223435091247
6471.T,2023-03-31,0.1943241973112523,"[18412000000.0, 16587000000.0, 355000000.0, 17412000000.0]",0.029879278755884735,0.014929584773964206,12414000000.0,0.013233159008973476,21.62162162162162,0.5146733524912913,10.18041237113402
6472.T,2023-03-31,0.6177074051784832,"[10367000000.0, 7341000000.0, -11641000000.0, -43992000000.0]",0.04698220776042564,0.011918461947030846,10494000000.0,0.013558840250142127,15.412186379928315,0.2729542771148746,-1.7275788063226742
9613.T,2023-03-31,0.41651589239244213,"[149962000000.0, 142979000000.0, 76843000000.0, 75148000000.0]",0.10325351650099458,0.024351619971699497,-16193000000.0,-0.004639586130465403,17.868162692847125,0.389134379332642,-2.4594453165881736
1802.T,2023-03-31,1.0168250658832998,"[77671000000.0, 39127000000.0, 98780000000.0, 113093000000.0]",0.07789627603027957,0.02975981338955964,131867000000.0,0.06646897405498697,10.217832748753922,0.3968996857768928,17.389340560072267
9007.T,2023-03-31,2.4636450220299566,"[40736000000.0, 12116000000.0, -39804000000.0, 19923000000.0]",0.10515636898692515,0.031825596729938684,14903000000.0,0.037713932872590526,18.597805726518597,0.30351194084889094,4.244604316546763
3861.T,2023-03-31,-0.19369325846258828,"[56483000000.0, 87509000000.0, 49635000000.0, 58181000000.0]",0.060275472451154166,0.02460041689568636,-75847000000.0,-0.044442269932575156,9.368421052631579,0.42010167167678997,6.348319178663389
6703.T,2023-03-31,-2.3075546356748697,"[-2800000000.0, 2065000000.0, -205000000.0, 14086000000.0]",-0.028223245874870222,-0.007171671896010758,-19681000000.0,-0.053322170925721224,-23.47664707701825,0.25428187231862714,17.12779973649539
6103.T,2023-03-31,0.9750118199910254,"[19195000000.0, 11579000000.0, 2088000000.0, 10712000000.0]",0.09431737218386851,0.06675639393749695,6798000000.0,0.029863466235569066,9.83846091403523,0.7402430287475047,15.264026402640262
7733.T,2023-03-31,0.2542654625801854,"[143432000000.0, 115742000000.0, 12918000000.0, 51670000000.0]",0.22408273901122508,0.09509463584360754,27867000000.0,0.03159799665050123,21.53329800388624,0.425134654195297,-18.78589007383101
6645.T,2023-03-31,0.35126482524834957,"[73861000000.0, 61400000000.0, 43307000000.0, 74895000000.0]",0.10139154093562837,0.07399715476476718,8438000000.0,0.00963151851082433,21.789945995324967,0.7325749378857097,-12.441430332922318
9532.T,2023-03-31,-0.12101580290575176,"[57110000000.0, 128256000000.0, 80857000000.0, 41788000000.0]",0.04104440068419313,0.020254725068086163,-160576000000.0,-0.07057935144320304,16.311230802824078,0.502618644064791,2.1642124051762606
4578.T,2022-12-31,0.22819396256581453,"[134019000000.0, 125463000000.0, 148137000000.0, 127151000000.0]",0.06022224249317091,0.043194091885947666,104061000000.0,0.059874061995468346,16.598518278612204,0.7292149845490209,15.390243902439025
5541.T,2023-03-31,-1.8320602875507657,"[-5026000000.0, 11368000000.0, 1162000000.0, 625000000.0]",-0.0700536622761168,-0.06376149698699651,-8587000000.0,-0.24638471249856536,-6.20368574199806,0.9138217570567714,-1.6885553470919326
6752.T,2023-03-31,0.1738295241726897,"[265502000000.0, 255334000000.0, 165077000000.0, 225707000000.0]",0.07337548453709676,0.03294262802271151,150856000000.0,0.018004182389614345,12.052747252747253,0.47024571044926083,20.38657913931437
4755.T,2022-12-31,1.9326403936158698,"[-372884000000.0, -133828000000.0, -114199000000.0, -31888000000.0]",-0.4582404483059491,-0.018245269017460135,-697360000000.0,-0.36172413399603087,-2.8595744680851065,0.042622561945321734,5.208333333333334
6098.T,2023-03-31,0.10317010297422445,"[269799000000.0, 296833000000.0, 131393000000.0, 179880000000.0]",0.16582504102617684,0.0965885637714215,361437000000.0,0.10538999783934715,22.877988018269175,0.5874629154746694,22.037853253824217
8308.T,2023-03-31,0.4549414725541478,"[160400000000.0, 109974000000.0, 124481000000.0, 152426000000.0]",0.06374955486595106,0.0021440207151966558,-5228083000000.0,-6.9849894585516665,9.875537116609868,0.03387190492096864,7.726931732933233
7752.T,2023-03-31,1.0036723967400991,"[54367000000.0, 30371000000.0, -32730000000.0, 39546000000.0]",0.0583614941023406,0.025287494255696395,-13907000000.0,-0.00651632008546608,11.721320776126177,0.4456286547259572,20.087124878993222
2501.T,2022-12-31,-0.4636354930666017,"[5450000000.0, 12331000000.0, -16071000000.0, 4356000000.0]",0.03277012807407853,0.00852737679114029,-1806000000.0,-0.003774910016679835,45.66895368782161,0.2616120966707243,23.943661971830984
7735.T,2023-03-31,0.3829620680824945,"[57491000000.0, 45481000000.0, 15164000000.0, 5010000000.0]",0.19170951628285415,0.10214883727541506,53111000000.0,0.11524974285751485,9.709536063403847,0.532898851489652,24.216765453005927
9735.T,2023-03-31,0.06822544957639153,"[96085000000.0, 94273000000.0, 74681000000.0, 89080000000.0]",0.08251719304995431,0.048306689283692514,85088000000.0,0.07726092724372041,19.85978158285021,0.6616410147094459,16.99479520253451
6724.T,2023-03-31,-0.008444094798297136,"[75043000000.0, 92288000000.0, 30922000000.0, 7733000000.0]",0.10317287915617197,0.05593649255539199,2215000000.0,0.0016649991618627243,9.309173272933183,0.542255930529415,15.012165450121653
1928.T,2023-01-31,0.3299295802966138,"[184520000000.0, 153905000000.0, 123542000000.0, 141256000000.0]",0.11299697972521133,0.06135252866382026,33302000000.0,0.011370391298929437,9.581314628678864,0.5544553566589538,3.0
3382.T,2023-02-28,0.6829691459686973,"[280976000000.0, 210774000000.0, 179262000000.0, 218185000000.0]",0.08086589734852322,0.026630383066709784,517587000000.0,0.043821333160391635,18.16181555290124,0.34576554010840344,6.853582554517133
6753.T,2023-03-31,-4.504244869962828,"[-260840000000.0, 73991000000.0, 53263000000.0, 20958000000.0]",-1.2495808222590565,-0.1471211154672889,-42268000000.0,-0.016587935326360603,-2.219439738773907,0.12541731036384896,-4.811946902654867
1803.T,2023-03-31,0.3311572659100679,"[49057000000.0, 47761000000.0, 77176000000.0, 98977000000.0]",0.057540953225469704,0.020039542322131038,15267000000.0,0.007894761336922785,12.731935435208928,0.3706177670842848,18.246445497630333
4063.T,2023-03-31,0.7701679963126395,"[708238000000.0, 500117000000.0, 293732000000.0, 314027000000.0]",0.18280846046469368,0.1497207209378331,488646000000.0,0.17396818027758237,11.413293468261271,0.8511356559305631,15.919395465994961
4507.T,2023-03-31,0.8930303780922761,"[184965000000.0, 114185000000.0, 111858000000.0, 122193000000.0]",0.16814296856676902,0.14100091477359353,140680000000.0,0.3297053557199239,9.89844039207481,0.8552203079737765,1.707317073170732
4911.T,2022-12-31,-0.16299384956761476,"[34202000000.0, 42439000000.0, -11660000000.0, 73562000000.0]",0.05660155661727835,0.02615509677202272,-19469000000.0,-0.018240416731078225,73.83177570093459,0.4785284565342241,3.79746835443038
4004.T,2022-12-31,-3.565167415991173,"[30793000000.0, -12094000000.0, -76304000000.0, 73088000000.0]",0.05596153042327802,0.014660394273338536,12492000000.0,0.008970136167701048,13.156501793801095,0.2736008638268233,-2.7715690657130083
9412.T,2023-03-31,0.09703348230272128,"[15810000000.0, 14579000000.0, 13345000000.0, 12027000000.0]",0.06189829260939867,0.03961859893999574,40215000000.0,0.33197401332353743,10.304922850844967,0.6435553996316298,18.003565062388592
9434.T,2023-03-31,0.06566546892448764,"[531366000000.0, 517517000000.0, 491287000000.0, 473135000000.0]",0.23882208324250712,0.03619121709506237,546528000000.0,0.09244385866777041,13.525282146983027,0.25085285353722314,5.683311432325887
9984.T,2023-03-31,-0.375929423134232,"[-970144000000.0, -1708029000000.0, 4987962000000.0, -961576000000.0]",-0.10743745548790462,-0.022080659921639403,107527000000.0,0.01636526874383888,-7.586185753483453,0.24237813649048096,37.947060012123664
2768.T,2023-03-31,0.531653019121244,"[111247000000.0, 82332000000.0, 27001000000.0, 60821000000.0]",0.13279846439054904,0.04180893047804775,133376000000.0,0.053784136792751465,5.849275843465992,0.3294354458342713,11.564384533522526
8630.T,2023-03-31,-0.5066287997179993,"[91156000000.0, 224842000000.0, 142482000000.0, 122515000000.0]",0.04915593782439301,0.006303909923436913,424750000000.0,0.09452860216288564,21.090747856931717,0.12924426108792722,9.110021023125437
6758.T,2023-03-31,0.2253993714227568,"[937126000000.0, 882178000000.0, 1171776000000.0, 582191000000.0]",0.1296215380176436,0.029247511221638177,-298944000000.0,-0.02590539190458236,16.851710224425748,0.2274670422994479,-1.6823161189358373
7270.T,2023-03-31,2.238288063546406,"[200431000000.0, 70007000000.0, 76510000000.0, 152587000000.0]",0.09539913173562915,0.05081728636081285,308893000000.0,0.08183749338979691,8.617456855317032,0.5349560741858195,16.607460035523978
3436.T,2022-12-31,1.021341976862209,"[70205000000.0, 41120000000.0, 25505000000.0, 33112000000.0]",0.13158067363757167,0.0786562172639221,54009000000.0,0.12244634229838829,9.446855204748367,0.6626863330551058,-2.2703273495248153
4005.T,2023-03-31,-0.9099078772500926,"[6987000000.0, 162130000000.0, 46043000000.0, 30926000000.0]",0.005965716978941113,0.0016773484498750811,111621000000.0,0.038552707973624686,104.91803278688526,0.35750520405338804,-8.191967010498047
8053.T,2023-03-31,0.4595975019377029,"[565178000000.0, 463694000000.0, -153067000000.0, 171359000000.0]",0.1495370573708076,0.055923600559336935,162506000000.0,0.023835296409202168,5.6805374466862615,0.3935642016446849,15.83349542890488
4506.T,2023-03-31,-2.328849446732315,"[-74512000000.0, 56413000000.0, 56219000000.0, 40753000000.0]",-0.1831891412148524,-0.0656642655334869,-805000000.0,-0.0014490301398269083,-4.217541988802986,0.35847972490663077,-35.66371758577947
5802.T,2023-03-31,0.3590985500537717,"[112654000000.0, 96306000000.0, 56344000000.0, 72720000000.0]",0.05929535512524745,0.028072209175760428,80724000000.0,0.020152982316334715,12.083766008999655,0.5259942168069438,2.807218562016614
5713.T,2023-03-31,-0.29842668225747077,"[160585000000.0, 281037000000.0, 94604000000.0, 60600000000.0]",0.09841751186360485,0.05930243336254417,-10528000000.0,-0.0073985111620680135,7.401957429334063,0.6607691054947027,5.59408229311142
8316.T,2023-03-31,0.2462746479632917,"[805842000000.0, 706631000000.0, 512812000000.0, 703883000000.0]",0.0635441449109494,0.0029798701293994962,-6194314000000.0,-1.6363157025775816,9.648409714459913,0.04729938217621124,13.041951904511146
8309.T,2023-03-31,0.1124273770488809,"[191000000000.0, 169078000000.0, 142196000000.0, 163028000000.0]",0.06838458776087736,0.002767203727304619,2553316000000.0,2.2427924184903385,4.8245189983563765,0.040893359994689286,5.6312625250501
5232.T,2023-03-31,-1.4799072922729914,"[-5719000000.0, 9674000000.0, 11719000000.0, 10922000000.0]",-0.03134763590918559,-0.016039466229898082,-16146000000.0,-0.07887447790723236,-21.044427123928294,0.5176997851681915,18.575498575498575
8830.T,2023-03-31,0.07676144054698374,"[161925000000.0, 150452000000.0, 141389000000.0, 140997000000.0]",0.08998987978563597,0.025438163230295616,-284233000000.0,-0.3024064159743974,9.869460867529122,0.28267804436333976,12.722419928825623
7269.T,2023-03-31,0.6797160568169687,"[221107000000.0, 160345000000.0, 146421000000.0, 134222000000.0]",0.10640083501078171,0.04830075629468252,28346000000.0,0.0061068879905481765,10.643439291755454,0.5480068322326017,9.267285861713107
8795.T,2023-03-31,-10.069986018296122,"[-132150000000.0, 14180000000.0, 162316000000.0, 67103000000.0]",-0.13386792710858447,-0.007878321749944869,-329922000000.0,-0.15512535446295367,-7.315325944966499,0.05923979292324607,30.760368663594466
5233.T,2023-03-31,-2.0030842825923068,"[-33206000000.0, 28971000000.0, 46800000000.0, 39151000000.0]",-0.06708919836832992,-0.02616990657770506,-268000000.0,-0.0003310513846100635,-8.534263959390863,0.4167923698558236,25.196199917389507
1801.T,2023-03-31,-0.27587531784696834,"[47124000000.0, 71436000000.0, 92554000000.0, 122087000000.0]",0.05683163970448126,0.02336668952560027,13938000000.0,0.008484749609182864,19.627756590946774,0.4135146378991202,3.6536430834213305
6976.T,2023-03-31,-0.6591101788514059,"[23216000000.0, 54361000000.0, 28615000000.0, 18022000000.0]",0.07289717278539042,0.046112715557480005,39460000000.0,0.12350393109319445,21.656290253327608,0.6325720709805308,1.2143742255266419
2531.T,2023-03-31,0.1863584364292662,"[21206000000.0, 20769000000.0, 10574000000.0, 8980000000.0]",0.10397646481980878,0.05312470251068457,34860000000.0,0.09941111887413913,9.807943315308595,0.6396107962943478,22.52851711026616
8233.T,2023-02-28,3.7762721412572597,"[27838000000.0, 5360000000.0, -33970000000.0, 16028000000.0]",0.0673516837920948,0.023627547421874538,10483000000.0,0.023640070178287127,11.291082577453174,0.37046140683974976,3.781950965049557
4502.T,2023-03-31,0.5064405969590239,"[317017000000.0, 230059000000.0, 376005000000.0, 44241000000.0]",0.049891550713064683,0.022712614855546202,343467000000.0,0.08528091276972835,21.77786480003916,0.4552790385269832,0.06743088334457181
6762.T,2023-03-31,0.016194872785329634,"[114187000000.0, 131298000000.0, 79340000000.0, 57780000000.0]",0.078293608402368,0.03628408653627694,-12937000000.0,-0.005932180462643129,16.102792257379065,0.4648409435317841,4.804123711340206
3401.T,2023-03-31,-1.6639998852327398,"[-17695000000.0, 23158000000.0, -6662000000.0, 25252000000.0]",-0.0415703465644264,-0.014242216682911674,-2650000000.0,-0.0026012244405158864,-15.623641894828335,0.3630650505902532,3.68567454798331
4543.T,2023-03-31,0.17198915232567455,"[89325000000.0, 88813000000.0, 77268000000.0, 85211000000.0]",0.08039598114598362,0.05575059682628844,45363000000.0,0.05530663526003738,35.285714285714285,0.6934500460297399,3.8104310550130984
8331.T,2023-03-31,0.18525827725754135,"[60276000000.0, 54498000000.0, 49641000000.0, 48037000000.0]",0.05680439914618114,0.00304610670308222,-31600000000.0,-0.1409323836750349,10.724672806592341,0.05362448593538207,10.485874326889125
5631.T,2023-03-31,-0.024911232036594455,"[11974000000.0, 13948000000.0, 6893000000.0, 9310000000.0]",0.07526131528167997,0.03437268557059117,-7093000000.0,-0.029712509582315756,15.213517665130569,0.4611204565418334,22.051696284329562
9503.T,2023-03-31,-0.4083303391241514,"[17679000000.0, 85835000000.0, 108978000000.0, 130002000000.0]",0.009883277923097263,0.0020148328807870603,128038000000.0,0.03239923854020982,75.97173144876325,0.20967527786721069,25.41528239202658
5101.T,2022-12-31,-0.016216669130935057,"[45918000000.0, 65500000000.0, 26312000000.0, 41971000000.0]",0.07473340885121675,0.03989137120398653,-15661000000.0,-0.018200370259751276,7.297995670088693,0.5413378438956247,41.33971291866029
9001.T,2023-03-31,1.3838263002374842,"[29179000000.0, 13453000000.0, -24965000000.0, 35530000000.0]",0.06146156308978161,0.016786954283034988,43853000000.0,0.07133457285958054,25.59617306868485,0.27647761039469104,11.576011157601116
9602.T,2023-02-28,0.2003615578024452,"[33430000000.0, 29568000000.0, 14688000000.0, 36609000000.0]",0.08167503450971769,0.06259162661464115,28482000000.0,0.11658855072760392,27.682933235278668,0.7932809957741759,3.870967741935484
5707.T,2023-03-31,-0.7268956292178059,"[794000000.0, 7922000000.0, 5508000000.0, -18364000000.0]",0.01571779238261145,0.005552486381023644,5386000000.0,0.03695013858017069,31.032125768967873,0.35326121161686447,-5.121145374449339
5301.T,2022-12-31,0.7068034493145137,"[22418000000.0, 16105000000.0, 1019000000.0, 31994000000.0]",0.08339285182870577,0.038888744329664424,-4006000000.0,-0.011769510328435736,11.268543172308863,0.5219137328372061,7.341772151898734
8766.T,2023-03-31,0.015436741543576896,"[376447000000.0, 420484000000.0, 161801000000.0, 259763000000.0]",0.10367253483502042,0.013590234678815195,982705000000.0,0.15252779345852024,14.594565739603906,0.13205311544307732,13.716166788588149
4043.T,2023-03-31,-0.46831451130634333,"[9364000000.0, 28000000000.0, 24534000000.0, 19937000000.0]",0.040810634125081714,0.01957595193397193,-43716000000.0,-0.12426731857073822,16.480983480599306,0.5050800473301529,11.188811188811188
9501.T,2023-03-31,-22.451687794071642,"[-123631000000.0, 5640000000.0, 180896000000.0, 50703000000.0]",-0.039940285507896245,-0.00911525659538372,-75673000000.0,-0.009703288857521822,-6.466243358818193,0.230180744277574,16.452900919025552
8035.T,2023-03-31,0.18136709945158347,"[471584000000.0, 437076000000.0, 242941000000.0, 185206000000.0]",0.2948280798888668,0.2040081432985204,349957000000.0,0.1584214755378504,16.267785914151336,0.6919562864413041,24.73315035071668
9531.T,2023-03-31,2.6989171048528235,"[280916000000.0, 88745000000.0, 49505000000.0, 43382000000.0]",0.18025889323878355,0.07843693501888215,302089000000.0,0.09183058054482657,4.5456653116740595,0.4437616311942872,14.178850731043863
8804.T,2022-12-31,0.2593677920657423,"[43062000000.0, 34965000000.0, 31795000000.0, 29796000000.0]",0.09655308491388878,0.025034096180878932,-3332000000.0,-0.009521632279819397,7.6400679117147705,0.26558163491914,9.015873015873016
9005.T,2023-03-31,2.019388370398378,"[25995000000.0, 8782000000.0, -56229000000.0, 42386000000.0]",0.035099065915222154,0.009944483804971056,95404000000.0,0.10244251809043985,45.97112249650676,0.2981505058125211,-5.927051671732523
3289.T,2023-03-31,0.3896709030864265,"[48227000000.0, 35133000000.0, 21668000000.0, 38611000000.0]",0.0704424287571389,0.01761100590186156,94739000000.0,0.09418931117995379,11.114417497396222,0.2558742912982416,19.67871485943775
7911.T,2023-03-31,-0.4468884737747822,"[60866000000.0, 123182000000.0, 81997000000.0, 87047000000.0]",0.04593254784294519,0.02718667939362619,21985000000.0,0.013415033746574545,15.442805424974335,0.6486318444071132,16.899930020993704
3402.T,2023-03-31,-0.01844680143743327,"[72823000000.0, 84235000000.0, 45794000000.0, 55725000000.0]",0.047440828440914434,0.022799644713389716,42997000000.0,0.01727251911156817,16.298088028447186,0.5121443337765546,10.142965834308738
4042.T,2023-03-31,-0.37494858356994587,"[50335000000.0, 107938000000.0, 63276000000.0, 55550000000.0]",0.06812236175565814,0.042147756208703195,-16239000000.0,-0.015256826534983878,10.781585936511952,0.6650159807276694,6.715542521994135
5332.T,2023-03-31,0.05704864624757952,"[38943000000.0, 40131000000.0, 27199000000.0, 23583000000.0]",0.0858159044682975,0.0532271423846219,-4752000000.0,-0.006777079438152732,20.05138030131499,0.6302174025952725,-10.618892508143322
5901.T,2023-03-31,-0.6639108957231596,"[10363000000.0, 44422000000.0, 15946000000.0, -520000000.0]",0.016115412666841872,0.008893630022244803,-82838000000.0,-0.09143014817471924,35.044681969511124,0.5761472551012001,19.175
3101.T,2023-03-31,-0.986501002412717,"[-655000000.0, 12865000000.0, 4202000000.0, 13774000000.0]",-0.0034548417893443184,-0.0011122318332637128,-31360000000.0,-0.0784154870586941,-138.3989145183175,0.375990395750765,0.049019607843137254
7203.T,2023-03-31,0.044109030712370406,"[2451318000000.0, 2850110000000.0, 2245261000000.0, 2076183000000.0]",0.086500703313694,0.03299075490443343,-750756000000.0,-0.020206437489412397,10.820749986070096,0.3938487289507663,25.077239958805354
8015.T,2023-03-31,0.5054002621306674,"[284155000000.0, 222235000000.0, 134602000000.0, 135551000000.0]",0.14843597776137515,0.04455890673200081,263445000000.0,0.026749595880006822,7.367691126575695,0.3243699608471861,44.05042016806723
4704.T,2022-12-31,-0.04652302723339205,"[29843000000.0, 38367000000.0, 26904000000.0, 27946000000.0]",0.1305125513863378,0.06338798510617058,35924000000.0,0.16052190620880716,29.589400252820823,0.4857232067187908,1.1075949367088607
4208.T,2023-03-31,-1.5309394588293224,"[-7006000000.0, 24500000000.0, 22936000000.0, 22976000000.0]",-0.019369107848829174,-0.009575799987972162,-8702000000.0,-0.017589107770173303,-29.633217993079583,0.5216514769639548,14.432508173750582
3103.T,2023-03-31,-0.9259675496200792,"[102000000.0, 2223000000.0, 3864000000.0, -2158000000.0]",0.0024222850222042794,0.0005368336289427009,-8014000000.0,-0.06794865272761187,-67.41214057507987,0.23113845570859406,-0.9478672985781991
9021.T,2023-03-31,-1.4286281794964055,"[88528000000.0, -113198000000.0, -233214000000.0, 89380000000.0]",0.08557770849948042,0.023699058789074683,273964000000.0,0.19631523771238332,16.877718438583933,0.3063324469744,0.5382482466155603
7951.T,2023-03-31,0.13077250854788722,"[38183000000.0, 37255000000.0, 26615000000.0, 34621000000.0]",0.08358123356908481,0.06425453431743756,-35567000000.0,-0.07879089962561751,23.8501616960115,0.7706286622038684,-12.8060263653484
7272.T,2022-12-31,0.36176197969598967,"[174439000000.0, 155578000000.0, 53072000000.0, 75736000000.0]",0.17390459119126922,0.07989727434409796,-18467000000.0,-0.008213191630167547,2.1995424951610065,0.4828939431344699,2.666666666666667
9064.T,2023-03-31,-0.17581777088481684,"[45898000000.0, 55956000000.0, 56700000000.0, 22324000000.0]",0.07519590287346059,0.04143963408743512,54518000000.0,0.03027654181670358,19.733101705622236,0.5565504109383732,8.103241296518608
6506.T,2023-02-28,0.5105919328855526,"[51783000000.0, 38354000000.0, 18927000000.0, 15572000000.0]",0.14901625616188824,0.07928412633280868,-24140000000.0,-0.04342078045885009,28.373807239864696,0.5436496757163942,6.174377224199288
6841.T,2023-03-31,0.9995316573341632,"[38920000000.0, 21282000000.0, 19219000000.0, 14686000000.0]",0.10252222588080342,0.06291249957568008,19580000000.0,0.042893539461837236,16.78211370962211,0.6252859108006795,16.755210461789947
4689.T,2023-03-31,1.380427762030766,"[178868000000.0, 77316000000.0, 70145000000.0, 81675000000.0]",0.061268774840301035,0.020825915660094715,-55935000000.0,-0.03344640592402311,14.842898525051057,0.38630892931451266,16.68078129826244
